Wall time,Step,Value
1649293826.4589562,4,200.0
1649293981.632038,14,200.0
1649293997.221012,15,200.0
1649294043.9436703,18,200.0
1649294059.5312665,19,200.0
1649294168.4616463,26,200.0
1649294184.1470647,27,200.0
1649294386.4978619,40,200.0
1649294494.8942838,47,200.0
1649294510.3064344,48,200.0
1649294525.8702984,49,200.0
1649294603.622134,54,200.0
1649294727.851274,62,200.0
1649294743.328307,63,200.0
1649294790.1023176,66,200.0
1649294805.5407836,67,200.0
1649294851.9437568,70,200.0
1649294867.6226351,71,200.0
1649294960.501261,77,200.0
1649295038.4030306,82,200.0
1649295147.1871846,89,200.0
1649295302.3484635,99,200.0
1649295364.7992797,103,200.0
1649295426.5504048,107,200.0
1649295643.7002344,121,200.0
1649295705.6374085,125,200.0
1649295720.9909084,126,200.0
1649295752.0318787,128,200.0
1649295783.133128,130,200.0
1649295876.6501007,136,200.0
1649296001.0221758,144,200.0
1649296032.1437285,146,200.0
1649296047.539865,147,200.0
1649296093.9276502,150,200.0
1649296202.2703567,157,200.0
1649296248.917471,160,200.0
1649296279.4972355,162,200.0
1649296310.8148987,164,200.0
1649296419.9911234,171,200.0
1649296435.5568845,172,200.0
1649296513.5517125,177,200.0
1649296621.9895425,184,200.0
1649296637.399928,185,200.0
1649296730.609382,191,200.0
1649296746.0514114,192,200.0
1649296916.8107405,203,200.0
1649296947.456754,205,200.0
1649297071.7308831,213,200.0
1649297103.0828726,215,200.0
1649297242.8949962,224,200.0
1649297320.5844946,229,200.0
1649297553.2436287,244,200.0
1649297568.759003,245,200.0
1649297770.7814171,258,200.0
1649297786.3489125,259,200.0
1649297801.9748662,260,200.0
1649297972.7724633,271,200.0
1649298019.1466558,274,200.0
1649298081.0951476,278,200.0
1649298143.1985645,282,200.0
1649298189.9122074,285,200.0
1649298236.4599984,288,200.0
1649298267.5180717,290,200.0
1649298345.3616333,295,200.0
1649298376.3711834,297,200.0
1649298391.816887,298,200.0
1649298547.5838358,308,200.0
1649298609.4273434,312,200.0
1649298670.8964572,316,200.0
1649298702.0939107,318,200.0
1649298717.792458,319,200.0
1649298764.4400032,322,200.0
1649298996.9000885,337,200.0
1649299121.794163,345,200.0
1649299137.2870927,346,200.0
1649299323.682147,358,200.0
1649299416.5994601,364,200.0
1649299431.8795855,365,200.0
1649299447.085386,366,200.0
1649299633.6638641,378,200.0
1649299758.5443492,386,200.0
1649299820.7447417,390,200.0
1649299851.5966213,392,200.0
1649299929.215648,397,200.0
1649300006.953424,402,200.0
1649300038.0311434,404,200.0
1649300208.8971567,415,200.0
1649300301.755146,421,200.0
1649300317.2349226,422,200.0
1649300534.2908857,436,200.0
1649300549.69424,437,200.0
1649300580.6816168,439,200.0
1649300658.2189744,444,200.0
1649300689.2806501,446,200.0
1649300782.841373,452,200.0
1649300844.8970172,456,200.0
1649300922.366408,461,200.0
1649300984.7010705,465,200.0
1649301031.3725042,468,200.0
1649301062.2241454,470,200.0
1649301124.3601143,474,200.0
1649301139.7606692,475,200.0
1649301216.9207926,480,200.0
1649301232.7221844,481,200.0
1649301325.651836,487,200.0
1649301434.286402,494,200.0
1649301683.2428172,510,200.0
1649301714.1153722,512,200.0
1649301729.6214612,513,200.0
1649301745.1271024,514,200.0
1649301791.890339,517,200.0
1649301822.7205987,519,200.0
1649302039.0480602,533,200.0
1649302054.658776,534,200.0
1649302085.725689,536,200.0
1649302116.7937827,538,200.0
1649302147.9785542,540,200.0
1649302209.9337435,544,200.0
1649302240.685351,546,200.0
1649302302.871552,550,200.0
1649302333.8560965,552,200.0
1649302396.2179334,556,200.0
1649302489.7298396,562,200.0
1649302520.652211,564,200.0
1649302583.2405822,568,200.0
1649302830.7526429,584,200.0
1649302846.2618976,585,200.0
1649302892.8315377,588,200.0
1649302923.9483998,590,200.0
1649302986.37159,594,200.0
1649303017.689385,596,200.0
1649303204.1115649,608,200.0
1649303281.7856574,613,200.0
1649303297.2978024,614,200.0
1649303421.6942296,622,200.0
1649303437.2849188,623,200.0
1649303514.9984076,628,200.0
1649303530.4350488,629,200.0
1649303592.7849703,633,200.0
1649303654.9227028,637,200.0
1649303748.218895,643,200.0
1649303763.7816992,644,200.0
1649303841.3121896,649,200.0
1649303872.4322948,651,200.0
1649303981.7627203,658,200.0
1649304012.7427242,660,200.0
1649304120.973835,667,200.0
1649304245.679648,675,200.0
1649304261.2061915,676,200.0
1649304384.901355,684,200.0
1649304509.5108912,692,200.0
1649304539.6648173,694,200.0
1649304782.4366367,710,200.0
1649304953.3698323,721,200.0
1649304984.3722773,723,200.0
1649305015.7820768,725,200.0
1649305031.3529158,726,200.0
1649305062.3265998,728,200.0
1649305078.0659764,729,200.0
1649305108.9057336,731,200.0
1649305124.4582703,732,200.0
1649305139.8513553,733,200.0
1649305217.2370434,738,200.0
1649305310.5827181,744,200.0
1649305621.3748116,764,200.0
1649305744.952634,772,200.0
1649305791.1332097,775,200.0
1649305806.5009263,776,200.0
1649305837.5412035,778,200.0
1649305868.35585,780,200.0
1649305899.561434,782,200.0
1649305992.7185273,788,200.0
1649306242.1560006,804,200.0
1649306257.7494698,805,200.0
1649306289.2185872,807,200.0
1649306335.9579864,810,200.0
1649306460.3287408,818,200.0
1649306475.7870266,819,200.0
1649306615.1550148,828,200.0
1649306677.0947082,832,200.0
1649306801.6272216,840,200.0
1649306848.2265518,843,200.0
1649306879.1968498,845,200.0
1649307065.3744423,857,200.0
1649307142.9179134,862,200.0
1649307205.0378833,866,200.0
1649307282.6001868,871,200.0
1649307484.1912563,884,200.0
1649307515.2498014,886,200.0
1649307608.2309997,892,200.0
1649307655.0044868,895,200.0
1649307681.0576868,897,200.0
1649307730.3258917,901,200.0
1649307742.420558,902,200.0
1649307822.735816,908,200.0
1649308134.0181298,928,200.0
1649308165.0441906,930,200.0
1649308196.1598003,932,200.0
1649308352.0007393,942,200.0
1649308460.2446048,949,200.0
1649308553.4024985,955,200.0
1649308678.1072495,963,200.0
1649308926.2914412,979,200.0
1649308973.1702185,982,200.0
1649309035.6006236,986,200.0
1649309129.1157658,992,200.0
1649309160.3932033,994,200.0
1649309237.961938,999,200.0
1649309284.2671409,1002,200.0
1649309315.2133996,1004,200.0
1649309485.8793714,1015,200.0
1649309593.9484766,1022,200.0
1649309656.215796,1026,200.0
1649309687.0439892,1028,200.0
1649309811.1842678,1036,200.0
1649309826.7864969,1037,200.0
1649310122.019622,1056,200.0
1649310184.4850726,1060,200.0
1649310340.2005496,1070,200.0
1649310355.811421,1071,200.0
1649310386.8846185,1073,200.0
1649310448.763596,1077,200.0
1649310588.702832,1086,200.0
1649310775.0554965,1098,200.0
1649310837.559566,1102,200.0
1649310868.6309643,1104,200.0
1649310915.1109807,1107,200.0
1649310946.1245813,1109,200.0
1649310977.2971663,1111,200.0
1649311132.4782276,1121,200.0
1649311148.0192282,1122,200.0
1649311194.4954672,1125,200.0
1649311209.8297722,1126,200.0
1649311256.3588743,1129,200.0
1649311303.1946375,1132,200.0
1649311334.39514,1134,200.0
1649311412.3493638,1139,200.0
1649311520.9301014,1146,200.0
1649311598.5160735,1151,200.0
1649311613.949314,1152,200.0
1649311800.360022,1164,200.0
1649311955.724645,1174,200.0
1649311986.8078353,1176,200.0
1649312002.3219311,1177,200.0
1649312111.9071288,1184,200.0
1649312189.6391582,1189,200.0
1649312252.0935266,1193,200.0
1649312267.6105044,1194,200.0
1649312454.4057229,1206,200.0
1649312578.4868224,1214,200.0
1649312640.7811532,1218,200.0
1649312718.88769,1223,200.0
1649312749.9946291,1225,200.0
1649312811.9442773,1229,200.0
1649313045.4560452,1244,200.0
1649313076.972671,1246,200.0
1649313154.8157053,1251,200.0
1649313170.3212013,1252,200.0
1649313201.4103878,1254,200.0
1649313247.788374,1257,200.0
1649313310.1946511,1261,200.0
1649313403.545352,1267,200.0
1649313465.404618,1271,200.0
1649313543.084107,1276,200.0
1649313636.3306,1282,200.0
1649313683.2197788,1285,200.0
1649313761.034717,1290,200.0
1649313807.656496,1293,200.0
1649313884.9902287,1298,200.0
1649313900.4042642,1299,200.0
1649313947.0369587,1302,200.0
1649314009.1381333,1306,200.0
1649314148.742094,1315,200.0
1649314257.923769,1322,200.0
1649314304.7508738,1325,200.0
1649314320.4689531,1326,200.0
1649314460.7203434,1335,200.0
1649314616.4879324,1345,200.0
1649314663.2494526,1348,200.0
1649314756.100812,1354,200.0
1649314848.8395543,1360,200.0
1649314911.10433,1364,200.0
1649315082.792329,1375,200.0
1649315098.6795464,1376,200.0
1649315161.1960337,1380,200.0
1649315254.2330456,1386,200.0
1649315316.1854181,1390,200.0
1649315362.438706,1393,200.0
1649315735.750011,1417,200.0
1649316030.842052,1436,200.0
1649316061.7437124,1438,200.0
1649316077.1130328,1439,200.0
1649316092.4842288,1440,200.0
1649316232.6009088,1449,200.0
1649316356.8876414,1457,200.0
1649316372.651089,1458,200.0
1649316404.0553217,1460,200.0
1649316419.797683,1461,200.0
1649316621.9618955,1474,200.0
1649316652.9743667,1476,200.0
1649316823.6526737,1487,200.0
1649316870.0607624,1490,200.0
1649316932.0144694,1494,200.0
1649316994.4914844,1498,200.0
1649317056.9213328,1502,200.0
1649317165.6764247,1509,200.0
1649317180.8520823,1510,200.0
1649317196.3431044,1511,200.0
1649317227.303319,1513,200.0
1649317273.5418978,1516,200.0
1649317459.5261729,1528,200.0
1649317553.000541,1534,200.0
1649317600.1603255,1537,200.0
1649317615.5922728,1538,200.0
1649317770.7758305,1548,200.0
1649317817.5471714,1551,200.0
1649317988.1707535,1562,200.0
1649318035.1731083,1565,200.0
1649318081.9150102,1568,200.0
1649318159.4953597,1573,200.0
1649318206.6819801,1576,200.0
1649318346.0249252,1585,200.0
1649318516.887195,1596,200.0
1649318594.7386367,1601,200.0
1649318625.5766325,1603,200.0
1649318998.1827018,1627,200.0
1649319122.9069924,1635,200.0
1649319154.3300471,1637,200.0
1649319200.8022485,1640,200.0
1649319293.8157635,1646,200.0
1649319309.363133,1647,200.0
1649319418.0435605,1654,200.0
1649319541.8039486,1662,200.0
1649319603.954717,1666,200.0
1649319666.0836732,1670,200.0
1649319727.8925931,1674,200.0
1649319774.4066172,1677,200.0
1649319805.7700417,1679,200.0
1649319899.323991,1685,200.0
1649320039.0467398,1694,200.0
1649320163.3007982,1702,200.0
1649320194.490977,1704,200.0
1649320236.2085304,1707,200.0
1649320266.631868,1709,200.0
1649320282.2072747,1710,200.0
1649320297.7119992,1711,200.0
1649320406.042333,1718,200.0
1649320468.679795,1722,200.0
1649320484.1611326,1723,200.0
1649320593.164935,1730,200.0
1649320717.544289,1738,200.0
1649320733.1414075,1739,200.0
1649320795.005492,1743,200.0
1649320825.9925745,1745,200.0
1649320965.945651,1754,200.0
1649321137.421471,1765,200.0
1649321294.054743,1775,200.0
1649321325.2837856,1777,200.0
1649321433.606886,1784,200.0
1649321449.0141952,1785,200.0
1649321511.295779,1789,200.0
1649321558.2543201,1792,200.0
1649321620.3019037,1796,200.0
1649321682.4393537,1800,200.0
1649321977.2638347,1819,200.0
1649322039.2650008,1823,200.0
1649322147.8024366,1830,200.0
1649322241.2267573,1836,200.0
1649322272.5845368,1838,200.0
1649322413.2329683,1847,200.0
1649322475.255334,1851,200.0
1649322614.9117672,1860,200.0
1649322692.6513507,1865,200.0
1649322708.285193,1866,200.0
1649322723.752234,1867,200.0
1649322972.676893,1883,200.0
1649323050.708474,1888,200.0
1649323159.9126184,1895,200.0
1649323222.1280253,1899,200.0
1649323268.737365,1902,200.0
1649323361.8643122,1908,200.0
1649323377.4166548,1909,200.0
1649323392.9037154,1910,200.0
1649323439.7039173,1913,200.0
1649323517.781441,1918,200.0
1649323611.1065986,1924,200.0
1649323626.7123084,1925,200.0
1649323781.7379472,1935,200.0
1649323797.2215786,1936,200.0
1649323859.3954947,1940,200.0
1649323874.7440069,1941,200.0
1649323936.797097,1945,200.0
1649323968.3756385,1947,200.0
1649324061.5166771,1953,200.0
1649324108.17618,1956,200.0
1649324170.2883642,1960,200.0
1649324185.7371094,1961,200.0
1649324216.60956,1963,200.0
1649324231.9339569,1964,200.0
1649324263.1841238,1966,200.0
1649324433.9818864,1977,200.0
1649324464.9793417,1979,200.0
1649324589.2332067,1987,200.0
1649324604.6802936,1988,200.0
1649324651.0243638,1991,200.0
1649325195.2629707,2026,200.0
1649325350.8705301,2036,200.0
1649325521.5914657,2047,200.0
1649325630.3732138,2054,200.0
1649325646.0436037,2055,200.0
1649325832.7848122,2067,200.0
1649325879.5176163,2070,200.0
1649326019.826679,2079,200.0
1649326176.1475892,2089,200.0
1649326300.6082065,2097,200.0
1649326316.3074343,2098,200.0
1649326347.531537,2100,200.0
1649326394.2435057,2103,200.0
1649326487.5648232,2109,200.0
1649326565.0086358,2114,200.0
1649326580.1832047,2115,200.0
1649326642.5902894,2119,200.0
1649326658.1757681,2120,200.0
1649326766.681671,2127,200.0
1649326906.6750257,2136,200.0
1649326953.20363,2139,200.0
1649327108.7345068,2149,200.0
1649327263.8157153,2159,200.0
1649327418.9666207,2169,200.0
1649327698.7366126,2187,200.0
1649327808.075118,2194,200.0
1649327916.802921,2201,200.0
1649327948.090927,2203,200.0
1649328041.392281,2209,200.0
1649328072.1083682,2211,200.0
1649328118.7210732,2214,200.0
1649328134.1729362,2215,200.0
1649328227.4076607,2221,200.0
1649328289.769854,2225,200.0
1649328461.537886,2236,200.0
1649328508.2613857,2239,200.0
1649328586.0586388,2244,200.0
1649328787.9187458,2257,200.0
1649329160.9114616,2281,200.0
1649329455.9465976,2300,200.0
1649329533.870621,2305,200.0
1649329549.4160044,2306,200.0
1649329704.3959394,2316,200.0
1649329751.146896,2319,200.0
1649329829.1434772,2324,200.0
1649329953.5965047,2332,200.0
1649330000.3388734,2335,200.0
1649330109.43617,2342,200.0
1649330171.801351,2346,200.0
1649330265.2742634,2352,200.0
1649330374.5253918,2359,200.0
1649330592.152812,2373,200.0
1649330763.0463245,2384,200.0
1649330840.3484085,2389,200.0
1649330902.5502872,2393,200.0
1649330918.1735313,2394,200.0
1649330964.9198382,2397,200.0
1649330980.3489425,2398,200.0
1649331445.6083038,2428,200.0
1649331492.4557047,2431,200.0
1649331555.0626786,2435,200.0
1649331570.5458586,2436,200.0
1649331647.7498734,2441,200.0
1649331663.1542003,2442,200.0
1649331851.049751,2454,200.0
1649331975.7136583,2462,200.0
1649332006.9734826,2464,200.0
1649332022.4459457,2465,200.0
1649332333.7727888,2485,200.0
1649332457.6831577,2493,200.0
1649332535.3316667,2498,200.0
1649332566.5688703,2500,200.0
1649332613.4439168,2503,200.0
1649332644.6292331,2505,200.0
1649332660.0906768,2506,200.0
1649332768.75725,2513,200.0
1649332830.7956362,2517,200.0
1649332846.3940785,2518,200.0
1649332861.761171,2519,200.0
1649332892.995066,2521,200.0
1649332924.4259822,2523,200.0
1649333002.0627604,2528,200.0
1649333033.3899145,2530,200.0
1649333157.5502796,2538,200.0
1649333577.2861671,2565,200.0
1649333592.742652,2566,200.0
1649333623.8743832,2568,200.0
1649333764.1215336,2577,200.0
1649333779.7699742,2578,200.0
1649333888.6306534,2585,200.0
1649333935.4717095,2588,200.0
1649333950.8711953,2589,200.0
1649333997.420672,2592,200.0
1649334106.3364284,2599,200.0
1649334137.470183,2601,200.0
1649334215.6322112,2606,200.0
1649334402.511575,2618,200.0
1649334418.0440598,2619,200.0
1649334542.9603684,2627,200.0
1649334558.1399336,2628,200.0
1649334666.6062186,2635,200.0
1649334713.6802964,2638,200.0
1649334729.3505566,2639,200.0
1649334744.9371548,2640,200.0
1649334791.2763343,2643,200.0
1649335086.5885894,2662,200.0
1649335211.315557,2670,200.0
1649335226.840828,2671,200.0
1649335273.621777,2674,200.0
1649335382.483811,2681,200.0
1649335429.280877,2684,200.0
1649335460.7013276,2686,200.0
1649335507.3178015,2689,200.0
1649335569.759181,2693,200.0
1649335710.090335,2702,200.0
1649335803.2568455,2708,200.0
1649335865.6447306,2712,200.0
1649335881.179353,2713,200.0
1649335943.5300245,2717,200.0
1649335959.0487297,2718,200.0
1649335974.4527965,2719,200.0
1649336052.1391747,2724,200.0
1649336129.635023,2729,200.0
1649336145.1851926,2730,200.0
1649336207.037742,2734,200.0
1649336285.1893735,2739,200.0
1649336300.6045096,2740,200.0
1649336316.1106079,2741,200.0
1649336362.5691404,2744,200.0
1649336502.0604775,2753,200.0
1649336517.51328,2754,200.0
1649336533.0621746,2755,200.0
1649336610.8455448,2760,200.0
1649336688.4554236,2765,200.0
1649336734.7710588,2768,200.0
1649336781.519142,2771,200.0
1649336812.3962572,2773,200.0
1649336843.4422047,2775,200.0
1649336889.861276,2778,200.0
1649336999.5308852,2785,200.0
1649337186.0882113,2797,200.0
1649337217.0819197,2799,200.0
1649337419.7179668,2812,200.0
1649337435.4604633,2813,200.0
1649337607.0025237,2824,200.0
1649337763.0006027,2834,200.0
1649337794.0845013,2836,200.0
1649337825.1476183,2838,200.0
1649337918.4915862,2844,200.0
1649338027.4216015,2851,200.0
1649338042.8630567,2852,200.0
1649338121.0356581,2857,200.0
1649338183.256599,2861,200.0
1649338198.8084514,2862,200.0
1649338261.131551,2866,200.0
1649338463.2120235,2879,200.0
1649338494.217689,2881,200.0
1649338509.7439265,2882,200.0
1649338649.8202941,2891,200.0
1649338680.9457226,2893,200.0
1649338712.0560863,2895,200.0
1649338836.066053,2903,200.0
1649338960.6043289,2911,200.0
1649339007.3204317,2914,200.0
1649339022.8502474,2915,200.0
1649339069.2003043,2918,200.0
1649339100.347574,2920,200.0
1649339115.7427697,2921,200.0
1649339162.3397303,2924,200.0
1649339254.9745445,2930,200.0
1649339317.192162,2934,200.0
1649339332.849738,2935,200.0
1649339551.5746388,2949,200.0
1649339598.1449392,2952,200.0
1649339644.7852585,2955,200.0
1649339754.4075582,2962,200.0
1649339801.0762079,2965,200.0
1649339832.2884223,2967,200.0
1649339925.368393,2973,200.0
1649340002.4265165,2978,200.0
1649340095.9520159,2984,200.0
1649340127.2027378,2986,200.0
1649340235.9960752,2993,200.0
1649340282.4303222,2996,200.0
1649340313.5666635,2998,200.0
1649340328.917798,2999,200.0
1649340375.771338,3002,200.0
1649340500.0562665,3010,200.0
1649340639.771287,3019,200.0
1649340717.550147,3024,200.0
1649340795.0737858,3029,200.0
1649340872.778174,3034,200.0
1649341074.600604,3047,200.0
1649341105.5624018,3049,200.0
1649341261.215349,3059,200.0
1649341369.8134656,3066,200.0
1649341416.2708292,3069,200.0
1649341493.8960338,3074,200.0
1649341633.8249664,3083,200.0
1649341649.223249,3084,200.0
1649341742.068707,3090,200.0
1649341835.4338317,3096,200.0
1649341882.1510358,3099,200.0
1649341944.0347364,3103,200.0
1649341959.6667635,3104,200.0
1649341975.3029015,3105,200.0
1649342006.430838,3107,200.0
1649342068.2843308,3111,200.0
1649342115.240643,3114,200.0
1649342130.907776,3115,200.0
1649342193.2514398,3119,200.0
1649342209.0432308,3120,200.0
1649342224.618651,3121,200.0
1649342302.387367,3126,200.0
1649342333.5354426,3128,200.0
1649342488.8088179,3138,200.0
1649342598.4679325,3145,200.0
1649342707.5810683,3152,200.0
1649342754.2340095,3155,200.0
1649343033.9103417,3173,200.0
1649343111.8385727,3178,200.0
1649343251.8185308,3187,200.0
1649343298.2178435,3190,200.0
1649343329.4617472,3192,200.0
1649343438.535909,3199,200.0
1649343500.8683782,3203,200.0
1649343516.5131118,3204,200.0
1649343639.8003867,3212,200.0
1649343702.267543,3216,200.0
1649343717.8985913,3217,200.0
1649343765.269319,3220,200.0
1649343796.1901975,3222,200.0
1649343905.1172335,3229,200.0
1649343967.6069372,3233,200.0
1649344029.8469665,3237,200.0
1649344092.149288,3241,200.0
1649344122.9458284,3243,200.0
1649344215.6887023,3249,200.0
1649344463.9476805,3265,200.0
1649344510.8282104,3268,200.0
1649344557.48461,3271,200.0
1649344603.9911754,3274,200.0
1649344619.4880698,3275,200.0
1649344697.3531618,3280,200.0
1649344915.0581484,3294,200.0
1649344961.5138273,3297,200.0
1649344977.0082436,3298,200.0
1649345101.7525268,3306,200.0
1649345225.8112922,3314,200.0
1649345428.1807728,3327,200.0
1649345537.3251133,3334,200.0
1649345630.8465436,3340,200.0
1649345708.876474,3345,200.0
1649345879.59004,3356,200.0
1649346004.0790308,3364,200.0
1649346019.6523435,3365,200.0
1649346097.3165288,3370,200.0
1649346128.208786,3372,200.0
1649346159.4701555,3374,200.0
1649346206.0506985,3377,200.0
1649346237.3184478,3379,200.0
1649346314.7943583,3384,200.0
1649346330.3284693,3385,200.0
1649346454.3001902,3393,200.0
1649346469.927344,3394,200.0
1649346516.535971,3397,200.0
1649346625.419221,3404,200.0
1649346671.7786486,3407,200.0
1649346687.3690724,3408,200.0
1649346702.8321204,3409,200.0
1649346842.6805265,3418,200.0
1649346905.1723056,3422,200.0
1649346967.560476,3426,200.0
1649347076.198202,3433,200.0
1649347091.8450246,3434,200.0
1649347169.2762353,3439,200.0
1649347401.8074627,3454,200.0
1649347417.271494,3455,200.0
1649347479.5109036,3459,200.0
1649347510.6890826,3461,200.0
1649347619.1965222,3468,200.0
1649347681.1107597,3472,200.0
1649347814.1556537,3481,200.0
1649347829.6457725,3482,200.0
1649347845.2653806,3483,200.0
1649347860.8113804,3484,200.0
1649347876.3331187,3485,200.0
1649347938.5109103,3489,200.0
1649347969.730881,3491,200.0
1649348000.8354816,3493,200.0
1649348047.290419,3496,200.0
1649348093.9096766,3499,200.0
1649348109.65457,3500,200.0
1649348156.3389397,3503,200.0
1649348328.306323,3514,200.0
1649348421.4741938,3520,200.0
1649348514.3945189,3526,200.0
1649348654.252101,3535,200.0
1649348669.8551002,3536,200.0
1649348748.2226982,3541,200.0
1649348794.6149008,3544,200.0
1649348887.7994957,3550,200.0
1649348950.1504846,3554,200.0
1649349012.6089606,3558,200.0
1649349136.9752266,3566,200.0
1649349183.7647295,3569,200.0
1649349276.4522855,3575,200.0
1649349291.8068445,3576,200.0
1649349416.1657941,3584,200.0
1649349462.987653,3587,200.0
1649349478.6404102,3588,200.0
1649349525.0414677,3591,200.0
1649349664.4609349,3600,200.0
1649349866.42279,3613,200.0
1649349882.1766055,3614,200.0
1649349897.7411244,3615,200.0
1649349913.2505157,3616,200.0
1649349959.853516,3619,200.0
1649350130.6247063,3630,200.0
1649350503.7148163,3654,200.0
1649350550.6164758,3657,200.0
1649350581.7371,3659,200.0
1649350612.861531,3661,200.0
1649350659.284987,3664,200.0
1649350690.1469076,3666,200.0
1649350721.1606143,3668,200.0
1649350767.7871122,3671,200.0
1649350783.394066,3672,200.0
1649351063.8804476,3690,200.0
1649351219.3116667,3700,200.0
1649351328.8077848,3707,200.0
1649351390.7562857,3711,200.0
1649351406.5494754,3712,200.0
1649351484.2256217,3717,200.0
1649351499.9552155,3718,200.0
1649351547.0776374,3721,200.0
1649351718.0173826,3732,200.0
1649351733.494944,3733,200.0
1649351920.555081,3745,200.0
1649351935.9412487,3746,200.0
1649351967.312267,3748,200.0
1649351982.883195,3749,200.0
1649352029.6229384,3752,200.0
1649352045.069405,3753,200.0
1649352060.5838757,3754,200.0
1649352168.734466,3761,200.0
1649352199.6360106,3763,200.0
1649352230.4806795,3765,200.0
1649352416.14291,3777,200.0
1649352462.4994876,3780,200.0
1649352478.0460398,3781,200.0
1649352493.5573714,3782,200.0
1649352508.9425082,3783,200.0
1649352570.9469156,3787,200.0
1649352617.5515,3790,200.0
1649352850.6943042,3805,200.0
1649352881.5658247,3807,200.0
1649352974.6543615,3813,200.0
1649353006.0838354,3815,200.0
1649353068.6026587,3819,200.0
1649353130.5357637,3823,200.0
1649353146.0476606,3824,200.0
1649353378.9719393,3839,200.0
1649353519.468002,3848,200.0
1649353550.312393,3850,200.0
1649353581.790576,3852,200.0
1649353628.2896907,3855,200.0
1649353659.50204,3857,200.0
1649353705.8289096,3860,200.0
1649353845.1588023,3869,200.0
1649353891.9262624,3872,200.0
1649353938.8138757,3875,200.0
1649354279.680876,3897,200.0
1649354357.4392273,3902,200.0
1649354450.4897566,3908,200.0
1649354497.105265,3911,200.0
1649354559.1798337,3915,200.0
1649354652.623572,3921,200.0
1649354699.2128003,3924,200.0
1649354730.4678316,3926,200.0
1649354761.6111398,3928,200.0
1649354808.334238,3931,200.0
1649354839.41092,3933,200.0
1649354885.9379873,3936,200.0
1649355149.7726288,3953,200.0
1649355165.3696814,3954,200.0
1649355211.5167584,3957,200.0
1649355336.1194234,3965,200.0
1649355351.735899,3966,200.0
1649355491.712583,3975,200.0
1649355507.329987,3976,200.0
1649355584.8836246,3981,200.0
1649355600.5256689,3982,200.0
1649355615.8758645,3983,200.0
1649355662.4954696,3986,200.0
1649355756.0532923,3992,200.0
1649355833.7146096,3997,200.0
1649355880.5445654,4000,200.0
1649356004.8409808,4008,200.0
1649356067.0247726,4012,200.0
1649356098.1398911,4014,200.0
1649356237.5736809,4023,200.0
1649356315.4871373,4028,200.0
1649356408.8972847,4034,200.0
1649356424.4312336,4035,200.0
1649356501.9976315,4040,200.0
1649356610.3305345,4047,200.0
1649356719.239287,4054,200.0
1649356812.3463047,4060,200.0
1649356858.9265268,4063,200.0
1649356890.0508761,4065,200.0
1649356905.611376,4066,200.0
1649357014.5889647,4073,200.0
1649357138.7154934,4081,200.0
1649357154.4178152,4082,200.0
1649357185.4734356,4084,200.0
1649357247.8936055,4088,200.0
1649357309.9768832,4092,200.0
1649357387.2946281,4097,200.0
1649357574.0143101,4109,200.0
1649357667.024619,4115,200.0
1649357760.5739214,4121,200.0
1649357807.2694366,4124,200.0
1649357900.5825872,4130,200.0
1649358086.9496086,4142,200.0
1649358148.5449347,4146,200.0
1649358257.9374323,4153,200.0
1649358304.5701494,4156,200.0
1649358475.9733446,4167,200.0
1649358631.9897969,4177,200.0
1649358647.5796602,4178,200.0
1649358694.3001444,4181,200.0
1649358787.8699875,4187,200.0
1649358865.7019556,4192,200.0
1649359099.1779873,4207,200.0
1649359112.317048,4208,200.0
1649359231.035286,4216,200.0
1649359309.0143085,4221,200.0
1649359401.8032491,4227,200.0
1649359432.8567693,4229,200.0
1649359448.2319748,4230,200.0
1649359541.1156974,4236,200.0
1649359696.0011475,4246,200.0
1649359742.0548508,4249,200.0
1649359773.2310758,4251,200.0
1649359788.8023927,4252,200.0
1649359804.4530804,4253,200.0
1649359866.465416,4257,200.0
1649360022.1043649,4267,200.0
1649360037.9945657,4268,200.0
1649360069.182059,4270,200.0
1649360221.361099,4280,200.0
1649360237.335397,4281,200.0
1649360491.1243982,4298,200.0
1649360599.9790316,4305,200.0
1649360662.209372,4309,200.0
1649360802.329694,4318,200.0
1649360879.6401794,4323,200.0
1649360958.0908484,4328,200.0
1649361051.9601872,4334,200.0
1649361191.5268524,4343,200.0
1649361253.6902795,4347,200.0
1649361316.1121747,4351,200.0
1649361361.9941113,4354,200.0
1649361455.3914576,4360,200.0
1649361532.6023977,4365,200.0
1649361626.0792267,4371,200.0
1649361703.7242968,4376,200.0
1649361751.012404,4379,200.0
1649361766.4106026,4380,200.0
1649361875.2207298,4387,200.0
1649362000.1372752,4395,200.0
1649362124.7391186,4403,200.0
1649362186.8976998,4407,200.0
1649362234.0385416,4410,200.0
1649362280.7103028,4413,200.0
1649362296.1456616,4414,200.0
1649362420.8532734,4422,200.0
1649362452.2053952,4424,200.0
1649362623.470738,4435,200.0
1649362747.9384952,4443,200.0
1649362841.519638,4449,200.0
1649362919.083167,4454,200.0
1649362981.877133,4458,200.0
1649363106.7558188,4466,200.0
1649363463.9041395,4489,200.0
1649363557.419969,4495,200.0
1649363619.5486982,4499,200.0
1649363853.1981144,4514,200.0
1649363946.5608478,4520,200.0
1649363993.5602832,4523,200.0
1649364024.4910913,4525,200.0
1649364133.5571766,4532,200.0
1649364180.0240755,4535,200.0
1649364241.7697413,4539,200.0
1649364303.945414,4543,200.0
1649364319.4158835,4544,200.0
1649364335.0489192,4545,200.0
1649364366.280462,4547,200.0
1649364459.6281543,4553,200.0
1649364568.5037875,4560,200.0
1649364599.8481412,4562,200.0
1649364631.2938557,4564,200.0
1649364693.2878463,4568,200.0
1649364739.7920282,4571,200.0
1649364755.208203,4572,200.0
1649364786.375404,4574,200.0
1649364911.2264926,4582,200.0
1649365035.61448,4590,200.0
1649365066.8147852,4592,200.0
1649365284.8208864,4606,200.0
1649365331.475747,4609,200.0
1649365378.0547895,4612,200.0
1649365533.1650326,4622,200.0
1649365595.2329013,4626,200.0
1649365641.6129038,4629,200.0
1649365874.0671256,4644,200.0
1649365952.0067978,4649,200.0
1649365967.8045237,4650,200.0
1649366030.2270718,4654,200.0
1649366092.0025947,4658,200.0
1649366107.497974,4659,200.0
1649366123.243524,4660,200.0
1649366154.1429598,4662,200.0
1649366231.4071586,4667,200.0
1649366246.892028,4668,200.0
1649366262.4851513,4669,200.0
1649366402.2384613,4678,200.0
1649366526.192627,4686,200.0
1649366588.5130816,4690,200.0
1649366619.4080722,4692,200.0
1649366712.5282302,4698,200.0
1649366836.4882317,4706,200.0
1649366852.0978775,4707,200.0
1649366945.1883676,4713,200.0
1649366991.9572628,4716,200.0
1649367116.3612175,4724,200.0
1649367131.9332945,4725,200.0
1649367209.655658,4730,200.0
1649367256.2060003,4733,200.0
1649367271.8612661,4734,200.0
1649367318.64591,4737,200.0
1649367365.189992,4740,200.0
1649367411.7630525,4743,200.0
1649367597.9848094,4755,200.0
1649367660.1290412,4759,200.0
1649367768.7289474,4766,200.0
1649367862.2110853,4772,200.0
1649367909.0657563,4775,200.0
1649367924.4597723,4776,200.0
1649367939.9694772,4777,200.0
1649367986.4736023,4780,200.0
1649368002.1992319,4781,200.0
1649368110.7840207,4788,200.0
1649368141.8845406,4790,200.0
1649368172.823431,4792,200.0
1649368266.5344024,4798,200.0
1649368344.253222,4803,200.0
1649368359.6674743,4804,200.0
1649368406.5249512,4807,200.0
1649368453.5263963,4810,200.0
1649368484.930183,4812,200.0
1649368515.8480742,4814,200.0
1649368639.7597039,4822,200.0
1649368764.3059473,4830,200.0
1649368795.3686504,4832,200.0
1649368826.4098408,4834,200.0
1649368841.948358,4835,200.0
1649368857.4733067,4836,200.0
1649368966.7729707,4843,200.0
1649368982.3291109,4844,200.0
1649369261.9397442,4862,200.0
1649369308.2325072,4865,200.0
1649369479.8954084,4876,200.0
1649369573.2744868,4882,200.0
1649369775.6178486,4895,200.0
1649369869.0019345,4901,200.0
1649369884.5985184,4902,200.0
1649369978.0755832,4908,200.0
1649370009.5485148,4910,200.0
1649370071.6864908,4914,200.0
1649370242.0995493,4925,200.0
1649370273.2221105,4927,200.0
1649370304.5952697,4929,200.0
1649370366.4930902,4933,200.0
1649370397.8208537,4935,200.0
1649370474.8948178,4940,200.0
1649370536.948489,4944,200.0
1649370614.5056274,4949,200.0
1649371055.6208174,4978,200.0
1649371083.2441583,4980,200.0
1649371206.9529076,4989,200.0
1649371220.5783715,4990,200.0
1649371234.3587706,4991,200.0
1649371344.4896538,4999,200.0
